android.support.design.widget.NavigationView,com.google.android.material.navigation.NavigationView
android.support.design.widget.AnimationUtils,com.google.android.material.animation.AnimationUtils
android.support.design.widget.TextInputEditText,com.google.android.material.textfield.TextInputEditText
android.support.design.widget.TextInputLayout,com.google.android.material.textfield.TextInputLayout
android.support.v4.math.MathUtils,com.google.android.material.math.MathUtils
android.support.design.internal.NavigationSubMenu,com.google.android.material.internal.NavigationSubMenu
android.support.design.widget.CircularBorderDrawableLollipop,com.google.android.material.internal.CircularBorderDrawableLollipop
android.support.design.internal.NavigationMenuPresenter,com.google.android.material.internal.NavigationMenuPresenter
android.support.v7.widget.DrawableUtils,com.google.android.material.internal.DrawableUtils
android.support.design.internal.ScrimInsetsFrameLayout,com.google.android.material.internal.ScrimInsetsFrameLayout
android.support.design.internal.ForegroundLinearLayout,com.google.android.material.internal.ForegroundLinearLayout
android.support.design.widget.CollapsingTextHelper,com.google.android.material.internal.CollapsingTextHelper
android.support.design.internal.TextScale,com.google.android.material.internal.TextScale
android.support.design.internal.NavigationMenuItemView,com.google.android.material.internal.NavigationMenuItemView
android.support.design.widget.CircularBorderDrawable,com.google.android.material.internal.CircularBorderDrawable
android.support.design.widget.VisibilityAwareImageButton,com.google.android.material.internal.VisibilityAwareImageButton
android.support.design.internal.ParcelableSparseArray,com.google.android.material.internal.ParcelableSparseArray
android.support.v7.widget.ViewUtils,com.google.android.material.internal.ViewUtils
android.support.design.widget.StateListAnimator,com.google.android.material.internal.StateListAnimator
android.support.design.internal.NavigationMenuView,com.google.android.material.internal.NavigationMenuView
android.support.design.internal.NavigationMenu,com.google.android.material.internal.NavigationMenu
android.support.design.widget.CheckableImageButton,com.google.android.material.internal.CheckableImageButton
android.support.design.internal.BaselineLayout,com.google.android.material.internal.BaselineLayout
android.support.design.widget.SnackbarManager,com.google.android.material.snackbar.SnackbarManager
android.support.design.widget.Snackbar,com.google.android.material.snackbar.Snackbar
android.support.design.internal.SnackbarContentLayout,com.google.android.material.snackbar.SnackbarContentLayout
android.support.design.widget.BaseTransientBottomBar,com.google.android.material.snackbar.BaseTransientBottomBar
android.support.design.widget.FloatingActionButton,com.google.android.material.floatingactionbutton.FloatingActionButton
android.support.design.widget.FloatingActionButtonImpl,com.google.android.material.floatingactionbutton.FloatingActionButtonImpl
android.support.design.internal.BottomNavigationMenuView,com.google.android.material.bottomnavigation.BottomNavigationMenuView
android.support.design.widget.BottomNavigationView,com.google.android.material.bottomnavigation.BottomNavigationView
android.support.design.internal.BottomNavigationPresenter,com.google.android.material.bottomnavigation.BottomNavigationPresenter
android.support.design.internal.BottomNavigationMenu,com.google.android.material.bottomnavigation.BottomNavigationMenu
android.support.design.internal.BottomNavigationItemView,com.google.android.material.bottomnavigation.BottomNavigationItemView
android.support.v7.widget.DrawableUtils,com.google.android.material.drawable.DrawableUtils
android.support.design.widget.ViewUtilsLollipop,com.google.android.material.appbar.ViewUtilsLollipop
android.support.design.widget.AppBarLayout,com.google.android.material.appbar.AppBarLayout
android.support.design.widget.CollapsingToolbarLayout,com.google.android.material.appbar.CollapsingToolbarLayout
android.support.design.widget.HeaderScrollingViewBehavior,com.google.android.material.appbar.HeaderScrollingViewBehavior
android.support.design.widget.HeaderBehavior,com.google.android.material.appbar.HeaderBehavior
android.support.design.widget.ViewOffsetBehavior,com.google.android.material.appbar.ViewOffsetBehavior
android.support.design.widget.ViewOffsetHelper,com.google.android.material.appbar.ViewOffsetHelper
android.support.design.widget.BottomSheetDialogFragment,com.google.android.material.bottomsheet.BottomSheetDialogFragment
android.support.design.widget.BottomSheetBehavior,com.google.android.material.bottomsheet.BottomSheetBehavior
android.support.design.widget.BottomSheetDialog,com.google.android.material.bottomsheet.BottomSheetDialog
android.support.design.widget.SwipeDismissBehavior,com.google.android.material.behavior.SwipeDismissBehavior
android.support.design.widget.TabLayout,com.google.android.material.tabs.TabLayout
android.support.design.widget.TabItem,com.google.android.material.tabs.TabItem
android.support.design.widget.ShadowViewDelegate,com.google.android.material.shadow.ShadowViewDelegate
android.support.design.widget.ShadowDrawableWrapper,com.google.android.material.shadow.ShadowDrawableWrapper
